Task,Task Description,Task Type,Classification,Frequency,Automated,Notes,Source,Documentation Link,Category,Subcategory
Define Project Requirements,"Gather and document the functional and non-functional requirements for the Azure Functions project, including expected load, performance metrics, and integration points.",Project,Planning,Once,No,,,https://docs.microsoft.com/en-us/azure/azure-functions/functions-reference,Compute,Azure Functions
Select Hosting Plan,"Choose the appropriate hosting plan for Azure Functions (Consumption Plan, Premium Plan, or App Service Plan) based on the project requirements.",Project,Planning,,No,,,https://docs.microsoft.com/en-us/azure/azure-functions/functions-scale,Compute,Azure Functions
Create Azure Function App,"Provision a new Azure Function App in the Azure portal, ensuring to select the correct subscription, resource group, and hosting plan.",Project,Implementation,,No,,,https://docs.microsoft.com/en-us/azure/azure-functions/functions-how-to-create-function-app-portal,Compute,Azure Functions
Configure Application Settings,"Set up application settings, including connection strings, environment variables, and any necessary app settings for the Azure Functions.",All,Configuration,Monthly,No,,,https://docs.microsoft.com/en-us/azure/azure-functions/functions-how-to-configure-app-settings,Compute,Azure Functions
Backup Function Code and Configurations,Regularly back up the code and configuration settings of Azure Functions to ensure recovery in case of accidental deletion or corruption.,Operational,Backup,Weekly,Yes,,,https://learn.microsoft.com/en-us/azure/azure-functions/functions-how-to-backup-restore,Compute,Azure Functions
